Ticker,Composite,Quality,Price Mom,EPS Mom,Rev Mom,Rank
WWD,1.7277260797023903,1.1128486254404408,1.5631844757940638,1.3726545545505207,1.5198793332720275,1
RGLD,1.7190657986011253,1.5545239553817831,1.6151462866237833,0.29011941689238135,1.3639942734492556,2
PEN,1.71040551749986,1.1561501283758666,1.537203570379204,1.329353149044195,1.2773914624366043,3
DY,1.701745236398595,0.7491160007828649,1.4635910050371013,1.4679176466644368,1.5285396143732928,4
HLNE,1.69308495529733,1.3553370418788249,1.1648105927662138,1.104185840411302,1.1474872459176277,5
GMED,1.6844246741960647,1.182131030137122,1.1907914981810734,-0.012990421651897672,1.6324629875884742,6
FTI,1.6757643930947996,0.48930698317031057,1.3856482887925219,1.4159559600568463,1.329353149044195,7
SAIA,1.6671041119935346,1.1994516313112922,1.5112226649643443,0.567248412132865,0.342081103499972,8
CASY,1.6584438308922693,1.606485758904294,0.5239482591996724,1.3466737112467253,0.7317937530569022,9
EXEL,1.6497835497910043,1.6930887647751454,0.13423467797677557,1.2947120246391346,0.9483007805885301,10
KEX,1.6411232686897392,0.9136617119374826,1.3206960252553726,0.35940166570250226,0.8790185317784092,11
APG,1.6324629875884742,0.4633260814090551,0.8703603313978029,1.5198793332720275,1.5025587710694974,12
MLI,1.623802706487209,1.3899782442271655,1.407299043304905,0.9396404994872649,-0.5326072877278045,13
CLH,1.6151424253859439,0.8313888563601737,1.125839234643924,1.2600709002340742,0.6105498176391906,14
CELH,1.6064821442846788,0.7837572031312054,0.5326085610046256,1.2081092136264835,1.701745236398595,15
FCFS,1.5978218631834136,1.4809114003915593,-0.021650754512383154,1.1994489325252184,1.4679176466644368,16
SSD,1.5891615820821485,1.5198827530334427,0.2381582996362147,0.8443774073733487,1.2167694947277485,17
CIEN,1.5805013009808835,0.5239481855186512,1.4895719104519611,-0.35074138460123716,1.6151424253859439,18
BLD,1.5718410198796182,1.130169226614611,0.844379425982943,0.5412675688290697,0.9309802183859998,19
FHI,1.5631807387783532,1.6757681636009751,0.038971358122289676,0.4633250389176836,1.2081092136264835,20
KNF,1.5545204576770881,0.5845702896282472,0.6798336916888311,1.2514106191328092,1.3466737112467253,21
FN,1.5458601765758229,0.45466578082197,0.8876809350077094,1.026243310499916,1.3553339923479903,22
LNTH,1.5371998954745578,1.5285430536205278,1.476581457744531,-1.5631807387783532,0.35940166570250226,23
OPCH,1.5285396143732928,0.6884938966732689,1.441940250524718,0.15155491927213952,0.5845689743353952,24
CW,1.5198793332720275,1.2903847874756862,0.9050015386176159,0.7750951585632277,-0.0043301405506325575,25
LIVN,1.5112190521707625,0.7317953996086946,1.22110255449841,0.43734419561388826,0.6278703798417208,26
YETI,1.5025587710694974,0.879020509589142,1.6411271920386432,-0.714473190854372,0.4719853200189487,27
MEDP,1.4938984899682322,1.0825375733856428,-0.08227286714705599,1.2254297758290138,1.5978218631834136,28
CSL,1.4852382088669671,1.0522265213308448,0.5455990137120555,1.2167694947277485,0.49796616332274407,29
NYT,1.476577927765702,1.6497872618397198,0.8790206332027561,0.0303109838544279,-0.29877969799364645,30
NOVT,1.4679176466644368,0.7144747984345243,1.5242131176717741,0.06495210825948836,0.12557407596834416,31
EXLS,1.4592573655631718,1.6844284641880602,-0.22949799783126146,0.30743997909491155,1.1907886514239532,32
FCN,1.4505970844619067,1.3163656892369417,0.35940252490556035,1.2340900569302788,0.17753576257593484,33
KTOS,1.4419368033606417,-0.484976832876768,1.4246196469148116,1.5458601765758229,1.1128461215125671,34
WMS,1.4332765222593764,0.5499290872799065,0.24681860144116796,1.3553339923479903,1.4419368033606417,35
WING,1.4246162411581114,1.0825375733856428,0.43734524115013973,0.264138573588586,0.9396404994872649,36
TXRH,1.4159559600568463,1.6411269612526345,0.5455990137120555,-0.3853825090062976,0.264138573588586,37
NBIX,1.407295678955581,1.719069666536401,-1.2600739126206997,1.6411232686897392,1.6757643930947996,38
KNSL,1.398635397854316,1.727729967123486,-1.1778010454736436,1.4332765222593764,1.623802706487209,39
WTS,1.389975116753051,1.658447562426805,0.08227286714705599,0.6538512231455161,0.19485632477846507,40
UTHR,1.3813148356517857,1.7104093659493158,-0.3507422231006071,1.1388269648163625,0.43734419561388826,41
AIT,1.3726545545505207,1.6151460594913791,0.34208192129565385,0.645190942044251,-0.2121768869809953,42
DCI,1.3639942734492556,1.4506003483367613,0.9829442548621953,0.8270568451708185,-1.1474872459176277,43
COKE,1.3553339923479903,1.5718445565559533,-0.3723929776129903,0.9309802183859998,0.7491143152594324,44
CNM,1.3466737112467253,0.7924175037182906,0.9612935003498121,0.49796616332274407,0.13423435706960926,45
OSK,1.3380134301454603,0.22949796555775628,1.2037819508885035,1.0522241538037114,0.24681801138605577,46
WFRD,1.329353149044195,0.939642613698738,1.3683276851826154,-0.9309802183859998,0.1428946381708744,47
VMI,1.32069286794293,1.493901851272187,0.3117708649783174,1.5025587710694974,-0.7317937530569022,48
MUSA,1.312032586841665,0.8530396078278866,0.9483030476423822,0.8876788128796742,-0.30743997909491155,49
HALO,1.3033723057403996,1.1474898277887815,-0.645192484469018,1.1128461215125671,1.6411232686897392,50
RBC,1.2947120246391346,0.6711732954990985,1.0522266693018214,-0.6365306609429859,0.8357171262720835,51
HL,1.2860517435378696,-0.8746903592955995,1.7277302100881757,0.5326072877278045,1.4505970844619067,52
LECO,1.2773914624366043,1.372657643052995,0.6192115790541582,0.4460044767151534,-0.4546647578164185,53
RNR,1.2687311813353392,1.4679209495109318,-0.4286849393451865,0.6884923475505766,0.8530376884746138,54
PPC,1.2600709002340742,1.3986385448142507,-0.06495226353714946,1.2427503380315439,-0.1428946381708744,55
ONB,1.2514106191328092,0.05629195381605343,0.7837573133482703,-0.342081103499972,1.69308495529733,56
MTZ,1.2427503380315439,-0.8357190066537162,1.125839234643924,1.0608844349049766,1.6064821442846788,57
CADE,1.2340900569302788,-0.4719863819961403,1.303375421645466,-0.06495210825948836,1.4938984899682322,58
MSA,1.2254297758290138,1.3380164407046546,0.281459808660981,0.8357171262720835,-0.43734419561388826,59
STRL,1.2167694947277485,1.3466767412917398,-1.1994517999860268,1.407295678955581,1.5891615820821485,60
JAZZ,1.2081092136264835,0.9483029142858231,0.2901201104659343,-0.4460044767151534,1.0782049971075067,61
GHC,1.1994489325252184,0.7707667522505777,0.15155528158668208,0.6711717853480463,0.8097362829682883,62
MTSI,1.1907886514239532,-0.9612933651664508,1.6281367393312132,1.623802706487209,0.5585881310315999,63
PR,1.1821283703226881,1.2470832845402606,0.21650754512383155,-0.8010760018670231,0.9136596561834696,64
RBA,1.173468089221423,1.121508926027526,0.3117708649783174,-0.22083716808226042,0.5499278499303347,65
ATI,1.1648078081201578,0.15155526027399,1.5891653812089237,0.038971264955693016,-0.16021520037340461,66
EWBC,1.1561475270188928,-0.3507421737769483,0.7404558043235039,0.9656213427910603,1.407295678955581,67
RLI,1.1474872459176277,1.3813179436400802,-1.0955281783265876,1.2860517435378696,1.3380134301454603,68
WBS,1.1388269648163625,-0.030311052054798,0.8617000295928495,0.29877969799364645,1.095525559310037,69
FLS,1.1301666837150974,0.424354728767172,0.9612935003498121,1.6064821442846788,-0.7404540341581672,70
CRUS,1.1215064026138324,0.6538526943249283,-0.3940437321253734,1.5112190521707625,1.1388269648163625,71
WTFC,1.1128461215125671,-0.42868487906071456,0.9353125949349523,0.723133471955637,1.2427503380315439,72
VNOM,1.104185840411302,1.6324666606655494,-0.6192115790541582,-1.1128461215125671,1.6844246741960647,73
USFD,1.095525559310037,0.4719863819961403,0.32476131768574734,1.3380134301454603,0.29877969799364645,74
AAON,1.0868652782087718,1.424619446575506,-1.3120357234504192,1.017583029398651,1.6497835497910043,75
ANF,1.0782049971075067,0.9872742669277063,1.6757683992584562,-1.0608844349049766,-1.1561475270188928,76
WCC,1.0695447160062417,-0.22949796555775628,0.7231352007135974,0.9829419049935905,0.9569610616897951,77
TWLO,1.0608844349049766,0.29012006966735226,-0.2381582996362147,1.4852382088669671,1.312032586841665,78
RMBS,1.0522241538037114,0.575909989041162,0.11691407436686904,0.24681801138605577,1.0868652782087718,79
RGA,1.0435638727024463,0.5932305902153323,-0.34208192129565385,0.8616979695758789,1.3726545545505207,80
CART,1.0349035916011813,1.069547122505015,-0.4200246375402332,0.5499278499303347,0.870358250677144,81
CAVA,1.026243310499916,0.07361255499022372,1.290384968938036,-1.4679176466644368,1.0608844349049766,82
EGP,1.017583029398651,1.0132551686889617,-0.281459808660981,0.012990421651897672,1.0435638727024463,83
NOV,1.008922748297386,0.9569632148729083,1.290384968938036,-1.4505970844619067,-0.4460044767151534,84
EXPO,1.0002624671961207,1.545863654794698,0.012990452707429894,-0.16887548147466974,-0.264138573588586,85
SAM,0.9916021860948556,1.6238063600784642,-0.446005542955093,1.5805013009808835,-0.870358250677144,86
WSO,0.9829419049935905,1.36399734246591,-0.2901201104659343,0.48930588222147897,0.05629182715822324,87
FNB,0.9742816238923254,-0.394043676712374,0.6625130880789245,0.5932292554366604,1.2514106191328092,88
GNTX,0.9656213427910603,1.5112224524463573,-0.8270588223730365,-0.29877969799364645,1.173468089221423,89
CFR,0.9569610616897951,-0.090933156164394,0.6798336916888311,0.5585881310315999,0.714473190854372,90
ATR,0.9483007805885301,1.5025621518592722,-0.775097011543317,1.312032586841665,-0.11691379486707905,91
HXL,0.9396404994872649,0.5672496884540769,1.1474899891563073,-0.2035166058797302,-0.8357171262720835,92
ENS,0.9309802183859998,0.40270397729945917,1.5458638721841573,-1.2254297758290138,-0.5239470066265395,93
ALGM,0.9223199372847347,-1.597825458317209,1.1821311963761203,1.5545204576770881,1.4246162411581114,94
FIVE,0.9136596561834696,-0.28145976908026715,1.5978256830138768,-0.18619604367719997,-0.22949744918352555,95
TNL,0.9049993750822045,-0.6625129949120134,1.0955281783265876,1.0695447160062417,0.3247605412974418,96
LITE,0.8963390939809394,-1.7104093659493158,1.6930890028683627,1.5285396143732928,0.6971526286518417,97
EXP,0.8876788128796742,0.43734517964779973,-0.14289497978172883,0.6278703798417208,0.8010760018670231,98
GAP,0.8790185317784092,0.30744067084152255,1.0132553111795317,-0.264138573588586,-0.2727988546898511,99
G,0.870358250677144,0.8616999084149717,0.1948567906114484,0.5152867255252743,-0.3853825090062976,100
EEFT,0.8616979695758789,0.75777630136995,-0.9656236512522888,1.3813148356517857,1.0695447160062417,101
QLYS,0.8530376884746138,1.190791330724207,-1.1474899891563073,1.1561475270188928,0.792415720765758,102
UBSI,0.8443774073733487,-0.36806277495111855,0.9223221422275224,0.5239470066265395,0.3853825090062976,103
PATH,0.8357171262720835,0.33775172289632055,0.21650754512383155,0.10825351376581394,0.6711717853480463,104
POR,0.8270568451708185,0.4806466825832254,-0.24681860144116796,0.2727988546898511,1.008922748297386,105
SHC,0.8183965640695533,-1.3899782442271655,1.3293563270603257,1.1907886514239532,0.7577745963606975,106
ZION,0.8097362829682883,-1.0868677236791855,1.0608869711067745,0.19485632477846507,1.389975116753051,107
TOL,0.8010760018670231,-0.24681856673192656,0.3507422231006071,0.3853825090062976,1.017583029398651,108
ITT,0.792415720765758,1.2167722324854626,-0.8876809350077094,0.4027030712088278,0.6192100987404557,109
CMC,0.7837554396644929,-1.3986385448142507,1.571844777599017,0.22083716808226042,0.9916021860948556,110
CHH,0.7750951585632277,-0.7924175037182906,0.2554789032461212,1.4592573655631718,1.2860517435378696,111
PSTG,0.7664348774619626,1.303375238356314,-1.6757683992584562,0.6798320664493115,1.5112190521707625,112
EVR,0.7577745963606975,-0.515287884931566,1.2600739126206997,-0.723133471955637,0.645190942044251,113
CHRD,0.7491143152594324,1.273064186301516,-0.6625130880789245,-0.7664348774619626,0.8876788128796742,114
CRS,0.7404540341581672,0.697154197260354,0.07361256534210273,1.3033723057403996,-0.8530376884746138,115
ENSG,0.7317937530569022,0.9050014113503975,-0.9439728967399056,0.09093295156328371,1.32069286794293,116
BMRN,0.723133471955637,1.5805048571430387,-0.012990452707429894,-1.5718410198796182,-0.16887548147466974,117
WEX,0.714473190854372,-0.394043676712374,0.1255743761718223,1.32069286794293,0.8183965640695533,118
BWXT,0.7058129097531068,-0.12557435851273457,0.22949799783126146,-0.36806194680376736,1.3813148356517857,119
FND,0.6971526286518417,0.6105511913895025,0.6798336916888311,-0.6971526286518417,-0.42002363341135807,120
NLY,0.6884923475505766,-1.3206958395304842,0.7664367097383636,1.2773914624366043,1.2254297758290138,121
CROX,0.6798320664493115,1.000264717808334,0.17320603609906524,-1.0695447160062417,-0.038971264955693016,122
RS,0.6711717853480463,0.35940247436403344,1.078207574716681,-0.9829419049935905,-0.5499278499303347,123
APPF,0.6625115042467813,1.2081119318983775,-1.5112226649643443,0.09959323266454882,1.5631807387783532,124
GGG,0.6538512231455161,1.5891651577301238,-0.18619648880649514,0.2035166058797302,-1.3466737112467253,125
NXT,0.645190942044251,0.6451923937378431,-0.038971358122289676,-0.19485632477846507,0.22083716808226042,126
COHR,0.6365306609429859,-1.1041883248533557,1.6584477956485497,0.0043301405506325575,0.16021520037340461,127
TTEK,0.6278703798417208,0.8097381048924609,-0.30311056317336416,1.3639942734492556,-0.723133471955637,128
PNFP,0.6192100987404557,-0.6105511913895025,0.6278718808591115,-0.23815773028479065,1.1994489325252184,129
MMS,0.6105498176391906,0.9872742669277063,0.9136618404225691,-0.792415720765758,-1.5285396143732928,130
COLB,0.6018895365379254,-0.636532093150758,0.7058145971036909,-0.8790185317784092,1.5458601765758229,131
AMKR,0.5932292554366604,-1.182131030137122,1.701749304673316,-0.24681801138605577,0.35074138460123716,132
MORN,0.5845689743353952,1.4809114003915593,-1.1128487819364943,0.2814591357911162,0.22949744918352555,133
ULS,0.5759086932341301,1.2600737354208882,-0.9439728967399056,0.8790185317784092,-0.10825351376581394,134
OKTA,0.567248412132865,0.5326084861057363,-0.2554789032461212,0.2121768869809953,0.42002363341135807,135
TTC,0.5585881310315999,0.7231350990216094,1.3510070815727089,-1.173468089221423,-1.5978218631834136,136
IBOC,0.5499278499303347,0.3247612720156929,-0.21217739422135493,0.3247605412974418,0.5759086932341301,137
GWRE,0.5412675688290697,1.1041883248533557,-1.6844287010634096,1.6844246741960647,0.7664348774619626,138
HWC,0.5326072877278045,-0.6192114919765878,1.043566367496868,-0.5152867255252743,0.6365306609429859,139
ASH,0.5239470066265395,-1.5112224524463573,1.5242131176717741,1.6324629875884742,-0.2554782924873209,140
VLY,0.5152867255252743,-0.8097381048924609,0.8530397277878963,0.23815773028479065,0.6625115042467813,141
AMG,0.5066264444240092,-1.000264717808334,1.5545241739891105,1.4419368033606417,-1.0349035916011813,142
ELF,0.49796616332274407,1.4159591459884209,0.0562919617321962,-1.5112190521707625,-0.48930588222147897,143
SSB,0.48930588222147897,-0.3247612720156929,0.17320603609906524,1.0782049971075067,0.36806194680376736,144
GATX,0.4806456011202139,-0.34208187318986316,0.5672497682244386,0.6365306609429859,0.04763154605695813,145
COLM,0.4719853200189487,0.9656235154599935,-0.17753618700154186,-0.5239470066265395,-0.07361238936075347,146
RYN,0.4633250389176836,0.3161009714286077,-0.1688758851965886,1.5718410198796182,-0.49796616332274407,147
DTM,0.4546647578164185,0.38538337612528883,-0.11691407436686904,0.4719853200189487,0.06495210825948836,148
ALK,0.4460044767151534,-0.7750969025441203,0.7924176151532235,-0.6884923475505766,1.2600709002340742,149
GXO,0.43734419561388826,-0.8876808101762271,0.40270403393032667,0.8097362829682883,1.0349035916011813,150
MANH,0.42868391451262317,1.1691405792564944,-1.407299043304905,0.714473190854372,0.6884923475505766,151
SON,0.42002363341135807,-0.7837572031312054,1.034906065691915,1.6497835497910043,-0.7750951585632277,152
UMBF,0.41136335231009297,-0.45033563052842746,0.6408623335665414,0.35074138460123716,0.2121768869809953,153
ONTO,0.4027030712088278,0.14289495968690485,1.6844287010634096,-1.0868652782087718,-1.5025587710694974,154
DUOL,0.3940427901075627,0.5585893878669917,-1.701749304673316,1.71040551749986,1.4159559600568463,155
VFC,0.3853825090062976,-1.5631842559688682,1.6281367393312132,1.5978218631834136,-0.5066264444240092,156
AXTA,0.37672222790503246,-0.06495225440313857,1.1128487819364943,-0.038971264955693016,-0.9829419049935905,157
INGR,0.36806194680376736,1.4419400477496762,-0.5499291646145321,0.6018895365379254,-1.1821283703226881,158
FLG,0.35940166570250226,-1.4722510998044742,1.0132553111795317,0.9742816238923254,0.7750951585632277,159
GLPI,0.35074138460123716,1.0435662207437597,-0.7144748989086441,1.1648078081201578,-0.6971526286518417,160
WAL,0.342081103499972,-1.3293561401175695,0.8270588223730365,-0.10825351376581394,1.5545204576770881,161
SFM,0.3334208223987069,1.7017490653622305,-1.5978256830138768,0.7058129097531068,-0.0303109838544279,162
BRBR,0.3247605412974418,0.49796728375739574,-1.3553372324751856,0.6625115042467813,1.5805013009808835,163
OZK,0.3161002601961767,0.004330150293542572,-0.2641392050510745,-0.1428946381708744,1.1561475270188928,164
TEX,0.30743997909491155,-0.8010778043053757,1.398638741499952,-1.1301666837150974,0.41136335231009297,165
SIGI,0.29877969799364645,0.3767230755382037,-0.32476131768574734,-0.4027030712088278,0.7837554396644929,166
RH,0.29011941689238135,-1.7017490653622305,1.338016628865279,1.398635397854316,0.2035166058797302,167
CR,0.2814591357911162,0.08227285557730886,0.5152879573947191,-0.870358250677144,0.18619604367719997,168
TXNM,0.2727988546898511,-0.09959345675147914,-0.5672497682244386,0.5845689743353952,1.2340900569302788,169
SNX,0.264138573588586,-0.212177364383586,-1.0608869711067745,1.389975116753051,1.6584438308922693,170
SLAB,0.2554782924873209,-1.6324666606655494,1.104188480131541,1.4938984899682322,0.3334208223987069,171
ORA,0.24681801138605577,-0.3767230755382037,0.38538343032042016,-0.2727988546898511,0.6798320664493115,172
ADC,0.23815773028479065,0.7707667522505777,-1.0262457638869615,-0.5585881310315999,1.3033723057403996,173
PSN,0.22949744918352555,1.2470832845402606,-1.6497874938435964,1.008922748297386,0.42868391451262317,174
SEIC,0.22083716808226042,1.06088682191793,-0.19918694151392502,-0.5066264444240092,-0.6018895365379254,175
SAIC,0.2121768869809953,-0.20351706379650086,1.2427533090107932,-0.9223199372847347,-0.6105498176391906,176
AVAV,0.2035166058797302,0.030311052054798,-0.09959347075696251,-1.623802706487209,1.6671041119935346,177
MTDR,0.19485632477846507,0.9742838160470786,-0.5239482591996724,-0.35940166570250226,-0.08227267046201858,178
DOCS,0.18619604367719997,1.2254325330725477,-1.701749304673316,0.05629182715822324,1.1215064026138324,179
PCTY,0.17753576257593484,1.4592606489238467,-1.2340930072058398,-0.09093295156328371,0.021650702753162786,180
HOMB,0.16887548147466974,-0.10825375733856428,-0.15155528158668208,-0.5326072877278045,1.1301666837150974,181
WPC,0.16021520037340461,0.7058144978474391,-0.6971542952987376,0.9916021860948556,-0.3940427901075627,182
SPXC,0.15155491927213952,-0.17753616203524542,-0.22083769602630818,-0.7404540341581672,1.4852382088669671,183
CHDN,0.1428946381708744,0.3507421737769483,0.06495226353714946,-0.7577745963606975,0.15155491927213952,184
LEA,0.13423435706960926,-0.4113642778865443,1.22110255449841,0.13423435706960926,-1.1301666837150974,185
AYI,0.12557407596834416,1.273064186301516,-1.372657836085092,0.7404540341581672,-0.06495210825948836,186
BAH,0.11691379486707905,1.1691405792564944,0.030311056317336417,-0.8963390939809394,-1.0695447160062417,187
ALV,0.10825351376581394,0.6235416422701303,-0.43734524115013973,0.37672222790503246,-0.3161002601961767,188
SLGN,0.09959323266454882,-0.7144747984345243,0.04763165992724294,0.22949744918352555,1.1821283703226881,189
RYAN,0.09093295156328371,0.424354728767172,-1.5458638721841573,1.5631807387783532,0.9829419049935905,190
SYNA,0.08227267046201858,-1.6238063600784642,1.5805050794039703,-0.7750951585632277,0.8270568451708185,191
SF,0.07361238936075347,-0.8530396078278866,0.41136433573528,1.095525559310037,0.16887548147466974,192
LFUS,0.06495210825948836,-1.0565566716243875,0.974283953057242,0.07361238936075347,0.29011941689238135,193
BYD,0.05629182715822324,0.18619646262233058,-0.04763165992724294,1.5891615820821485,-1.1648078081201578,194
FR,0.04763154605695813,0.19485676320941572,0.14289497978172883,-0.567248412132865,0.012990421651897672,195
NVT,0.038971264955693016,-0.021650751467712857,-0.40270403393032667,-0.8357171262720835,1.4332765222593764,196
LSTR,0.0303109838544279,0.09959345675147914,1.4506005523296714,-1.389975116753051,-1.4419368033606417,197
PINS,0.021650702753162786,0.8010778043053757,-1.3899784396949986,1.0435638727024463,0.37672222790503246,198
MIDD,0.012990421651897672,-0.25980901761255426,1.4635910050371013,-1.5198793332720275,-0.8443774073733487,199
HAE,0.0043301405506325575,0.636532093150758,0.3334216194907006,-0.2814591357911162,-1.329353149044195,200
CACI,-0.0043301405506325575,-0.15155526027399,-0.030311056317336417,0.021650702753162786,0.30743997909491155,201
TKR,-0.012990421651897672,-0.42002457847362945,1.3510070815727089,-0.9396404994872649,-0.8963390939809394,202
CIVI,-0.021650702753162786,0.8703602090020569,-1.433279948719765,0.5759086932341301,0.5066264444240092,203
JLL,-0.0303109838544279,-1.242753134246718,1.138829687351354,0.7317937530569022,-0.36806194680376736,204
HGV,-0.038971264955693016,-1.4722510998044742,1.0868678765216344,-0.6018895365379254,1.026243310499916,205
IRT,-0.04763154605695813,-0.047631653228968285,-0.13423467797677557,-1.017583029398651,0.9742816238923254,206
AAL,-0.05629182715822324,-1.1431596774952388,1.3683276851826154,-0.9569610616897951,0.2554782924873209,207
PLNT,-0.06495210825948836,-0.25980901761255426,-0.9136618404225691,1.4505970844619067,0.8616979695758789,208
H,-0.07361238936075347,-0.43734517964779973,0.446005542955093,-1.6844246741960647,1.104185840411302,209
HQY,-0.08227267046201858,1.2903847874756862,-1.4159593451098584,0.1428946381708744,0.038971264955693016,210
SGI,-0.09093295156328371,-1.130169226614611,0.18619648880649514,0.42002363341135807,1.1648078081201578,211
PRI,-0.09959323266454882,0.36806277495111855,-0.8746904823002795,1.1821283703226881,-0.09093295156328371,212
BSY,-0.10825351376581394,1.0349059201566746,-1.6411271920386432,0.8963390939809394,0.2727988546898511,213
AMH,-0.11691379486707905,0.28145976908026715,-1.069547272911728,0.9136596561834696,0.5412675688290697,214
BURL,-0.12557407596834416,0.5066275843444809,0.6018909754442517,-1.0349035916011813,-1.2340900569302788,215
EPR,-0.13423435706960926,0.17753616203524542,-0.49796735378481255,0.7577745963606975,-0.13423435706960926,216
OHI,-0.1428946381708744,-0.16887586144816027,-0.48064675017490605,0.8183965640695533,0.3161002601961767,217
REXR,-0.15155491927213952,0.515287884931566,-1.2081121017909802,0.792415720765758,0.4027030712088278,218
RRX,-0.16021520037340461,-0.9179918622310251,0.8010779169581768,-0.42002363341135807,0.2814591357911162,219
JEF,-0.16887548147466974,-1.5415335045011553,0.7577764079334104,-0.9136596561834696,1.7190657986011253,220
CUBE,-0.17753576257593484,0.6625129949120134,-0.6711733898838778,-0.42868391451262317,0.08227267046201858,221
TREX,-0.18619604367719997,-0.008660300587085144,0.610551277249205,-0.4719853200189487,-0.9309802183859998,222
CNXC,-0.19485632477846507,-0.7664366019570351,0.4719864483699528,-1.701745236398595,1.398635397854316,223
BJ,-0.2035166058797302,1.3293561401175695,-0.8183985205680833,-0.3161002601961767,-0.9136596561834696,224
PFGC,-0.2121768869809953,0.33775172289632055,-1.3206960252553726,1.1301666837150974,0.5326072877278045,225
TLN,-0.22083716808226042,-0.5022974340509383,-1.2947151198405127,1.5371998954745578,1.5718410198796182,226
BCO,-0.22949744918352555,-0.7058144978474391,0.36806282671051366,0.4806456011202139,-0.09959323266454882,227
AM,-0.23815773028479065,0.818398405479546,-1.0132553111795317,0.9569610616897951,-0.6884923475505766,228
DOCU,-0.24681801138605577,0.8876808101762271,-1.5631844757940638,0.9049993750822045,0.10825351376581394,229
GBCI,-0.2554782924873209,-0.8357190066537162,0.48064675017490605,-0.48930588222147897,0.5239470066265395,230
MZTI,-0.264138573588586,1.66710786301389,-1.0868678765216344,0.11691379486707905,-1.4505970844619067,231
LSCC,-0.2727988546898511,-0.9050014113503975,1.4159593451098584,-1.4852382088669671,-0.22083716808226042,232
DAR,-0.2814591357911162,-1.312035538943399,1.173470894571167,-1.3553339923479903,0.723133471955637,233
CHE,-0.29011941689238135,1.5631842559688682,-0.7534462570309338,-0.6625115042467813,-1.3380134301454603,234
RGEN,-0.29877969799364645,-1.36399734246591,0.6538527862739713,1.7277260797023903,-0.567248412132865,235
CBT,-0.30743997909491155,0.6798335960861838,0.4286849393451865,-1.3726545545505207,-1.398635397854316,236
JHG,-0.3161002601961767,-0.15155526027399,0.45466584476004623,-0.6798320664493115,-0.5585881310315999,237
BDC,-0.3247605412974418,0.038971352641883145,-0.5326085610046256,0.7837554396644929,-0.29011941689238135,238
MKSI,-0.3334208223987069,-1.4592606489238467,1.6671080974535029,-1.008922748297386,-0.19485632477846507,239
HLI,-0.342081103499972,0.4113642778865443,-0.7317955025185506,-0.0043301405506325575,-0.04763154605695813,240
MAT,-0.35074138460123716,-0.5845702896282472,0.8183985205680833,-0.4546647578164185,-0.6711717853480463,241
ESAB,-0.35940166570250226,0.29878037025443743,-0.1255743761718223,-1.026243310499916,-0.17753576257593484,242
NSA,-0.36806194680376736,-0.22949796555775628,0.16021558339163536,0.16887548147466974,-0.6278703798417208,243
KNX,-0.37672222790503246,-1.2081119318983775,1.6064859848188302,-1.5978218631834136,-0.2035166058797302,244
PEGA,-0.3853825090062976,1.0262456195695895,-1.1907914981810734,-0.11691379486707905,-0.3334208223987069,245
ENTG,-0.3940427901075627,-0.9612933651664508,1.3120357234504192,-1.1648078081201578,-0.4633250389176836,246
IDA,-0.4027030712088278,-0.13423465909981971,-0.7967477660557001,0.6192100987404557,0.3940427901075627,247
LAMR,-0.41136335231009297,0.394043676712374,-0.3161010158807941,-1.3466737112467253,0.07361238936075347,248
HIMS,-0.42002363341135807,1.0955280242662706,-1.7190699082832226,-1.407295678955581,1.2687311813353392,249
AVT,-0.42868391451262317,-1.069547122505015,-0.16021558339163536,1.1474872459176277,0.4633250389176836,250
VOYA,-0.43734419561388826,-1.0349059201566746,-0.07361256534210273,-0.37672222790503246,1.2947120246391346,251
ELS,-0.4460044767151534,0.7404557001957797,-0.844379425982943,0.04763154605695813,-0.6625115042467813,252
DT,-0.4546647578164185,0.8963411107633122,-1.6151462866237833,-0.9916021860948556,1.0522241538037114,253
OLLI,-0.4633250389176836,1.4072988454013358,-1.467921155939578,-0.5759086932341301,-0.342081103499972,254
UFPI,-0.4719853200189487,0.047631653228968285,0.8357191241779898,-1.0782049971075067,-1.623802706487209,255
ARMK,-0.4806456011202139,-0.75777630136995,-0.5585894664194854,-0.41136335231009297,1.476577927765702,256
NEU,-0.48930588222147897,1.537203354207613,-1.6238065884287367,-0.04763154605695813,-0.8097362829682883,257
KRG,-0.49796616332274407,0.26413916790609687,0.09959347075696251,-1.4592573655631718,-0.5759086932341301,258
CCK,-0.5066264444240092,-0.575909989041162,0.10825377256191578,0.12557407596834416,-0.35074138460123716,259
FHN,-0.5152867255252743,-0.5499290872799065,0.9353125949349523,-0.22949744918352555,-1.5718410198796182,260
VC,-0.5239470066265395,0.9266521628181102,-1.5545241739891105,1.0349035916011813,-0.792415720765758,261
LOPE,-0.5326072877278045,1.2340928336596328,-0.7837573133482703,-1.2860517435378696,-0.9569610616897951,262
FNF,-0.5412675688290697,0.06495225440313857,-1.1778010454736436,0.3940427901075627,0.4460044767151534,263
BRKR,-0.5499278499303347,-1.1561501283758666,1.4895719104519611,-1.6497835497910043,-0.5152867255252743,264
RPM,-0.5585881310315999,1.3163656892369417,-0.7144748989086441,-1.312032586841665,-1.2081092136264835,265
R,-0.567248412132865,-0.7404557001957797,0.5066276555897659,-0.021650702753162786,-0.7664348774619626,266
ESNT,-0.5759086932341301,1.1388295272016964,-0.7534462570309338,-0.7317937530569022,-1.2947120246391346,267
ILMN,-0.5845689743353952,-1.1648104289629517,1.502562363159391,-0.645190942044251,-1.312032586841665,268
BILL,-0.5932292554366604,-0.29012006966735226,-0.8617000295928495,-0.30743997909491155,0.8963390939809394,269
TCBI,-0.6018895365379254,-1.0262456195695895,1.0262457638869615,-0.8616979695758789,-0.6192100987404557,270
KBH,-0.6105498176391906,-0.5022974340509383,-0.8746904823002795,-0.9742816238923254,1.7277260797023903,271
MTG,-0.6192100987404557,0.9266521628181102,-1.043566367496868,0.5066264444240092,-1.389975116753051,272
PCH,-0.6278703798417208,-1.5415335045011553,0.29878041227088753,0.342081103499972,0.567248412132865,273
MUR,-0.6365306609429859,0.012990450880627714,0.2727995068560278,-1.5285396143732928,-0.6538512231455161,274
CVLT,-0.645190942044251,0.8313888563601737,-1.4852417595494845,-0.3940427901075627,0.09959323266454882,275
LAD,-0.6538512231455161,-1.4506003483367613,0.5932306736392985,-0.8270568451708185,0.7058129097531068,276
ASGN,-0.6625115042467813,-0.484976832876768,0.7491161061284571,-0.8876788128796742,-1.1128461215125671,277
GTLS,-0.6711717853480463,-0.19485676320941572,-0.6841638425913077,-1.1561475270188928,0.9223199372847347,278
FBIN,-0.6798320664493115,-0.9829441166341637,1.2687342144256528,-1.1388269648163625,-1.0522241538037114,279
ALLY,-0.6884923475505766,-1.4072988454013358,0.775097011543317,-0.2554782924873209,-0.18619604367719997,280
EHC,-0.6971526286518417,1.0132551686889617,-1.6064859848188302,-0.6105498176391906,-0.012990421651897672,281
CLF,-0.7058129097531068,-1.727729967123486,1.1561502909612604,1.0002624671961207,-1.2254297758290138,282
NWE,-0.714473190854372,0.121244208219192,0.021650754512383154,-1.2081092136264835,-0.8790185317784092,283
OC,-0.723133471955637,-0.394043676712374,0.3767231285154669,-1.0435638727024463,-0.7491143152594324,284
FOUR,-0.7317937530569022,0.22083766497067114,-1.5285432685742508,-1.5371998954745578,1.71040551749986,285
WMG,-0.7404540341581672,-1.0175853189825044,-1.1648105927662138,0.6971526286518417,1.5371998954745578,286
XPO,-0.7491143152594324,-1.0565566716243875,0.5802402209318686,-0.6192100987404557,-0.37672222790503246,287
WHR,-0.7577745963606975,-1.658447562426805,1.2037819508885035,0.36806194680376736,-1.104185840411302,288
NNN,-0.7664348774619626,0.44600548023488484,-0.8530397277878963,-0.3247605412974418,-0.714473190854372,289
CBSH,-0.7750951585632277,-0.15155526027399,-0.3334216194907006,-0.6538512231455161,-0.35940166570250226,290
BC,-0.7837554396644929,-1.5891651577301238,1.6497874938435964,-1.6411232686897392,-0.5845689743353952,291
VAL,-0.792415720765758,-0.008660300587085144,-0.974283953057242,1.6151424253859439,-1.1907886514239532,292
BWA,-0.8010760018670231,-0.4633260814090551,0.20351709241640165,-0.6711717853480463,-0.7837554396644929,293
PB,-0.8097362829682883,-0.5672496884540769,0.5585894664194854,-0.7837554396644929,-1.1215064026138324,294
GPK,-0.8183965640695533,0.242488416438384,-1.4549307032321481,1.1215064026138324,-0.5412675688290697,295
NFG,-0.8270568451708185,0.2554788673190117,-1.1561502909612604,-0.08227267046201858,-0.23815773028479065,296
STAG,-0.8357171262720835,0.16021556086107513,-0.8963412368126626,-1.0002624671961207,0.11691379486707905,297
SMG,-0.8443774073733487,-0.272799468493182,0.7317955025185506,-1.2340900569302788,-1.71040551749986,298
BKH,-0.8530376884746138,0.242488416438384,0.004330150902476631,-1.2687311813353392,-1.3639942734492556,299
NTNX,-0.8616979695758789,0.6018908908024174,-1.7277302100881757,0.3334208223987069,-0.24681801138605577,300
THC,-0.870358250677144,0.13423465909981971,-0.9916045566671485,0.8530376884746138,-1.0608844349049766,301
GTM,-0.8790185317784092,-0.22949796555775628,-1.4246196469148116,0.3161002601961767,0.6018895365379254,302
BHF,-0.8876788128796742,-1.5805048571430387,-0.2727995068560278,1.6671041119935346,-0.021650702753162786,303
CHWY,-0.8963390939809394,0.8443793072408015,-1.4982322122569143,0.16021520037340461,-0.9483007805885301,304
FLEX,-0.9049993750822045,-0.7491160007828649,0.09093316895200926,-1.104185840411302,-0.05629182715822324,305
NVST,-0.9136596561834696,-1.2860546371821437,1.3856482887925219,-1.6671041119935346,-0.9223199372847347,306
FLO,-0.9223199372847347,1.433279747162591,-1.3813181378900452,-0.9483007805885301,-1.3726545545505207,307
UNM,-0.9309802183859998,0.20351706379650086,-0.7967477660557001,-0.5499278499303347,-0.5932292554366604,308
SWX,-0.9396404994872649,-0.45033563052842746,-0.30311056317336416,1.0868652782087718,-1.476577927765702,309
THO,-0.9483007805885301,-1.3553370418788249,0.7144748989086441,-0.2121768869809953,-0.7577745963606975,310
MSM,-0.9569610616897951,0.5412687866928214,-1.0522266693018214,-0.43734419561388826,-0.8270568451708185,311
CMA,-0.9656213427910603,-1.2773943365950586,1.433279948719765,-1.1994489325252184,-1.407295678955581,312
WH,-0.9742816238923254,-0.9916044172212488,-0.0562919617321962,0.8010760018670231,-0.8616979695758789,313
ORI,-0.9829419049935905,-0.5326084861057363,-0.09093316895200926,-0.8443774073733487,-0.41136335231009297,314
GEF,-0.9916021860948556,-1.221102382779005,1.2514136108157463,-0.5932292554366604,-1.6844246741960647,315
CAR,-1.0002624671961207,-0.818398405479546,-1.537203570379204,1.6584438308922693,0.5932292554366604,316
KBR,-1.008922748297386,-0.3161009714286077,-0.6841638425913077,1.476577927765702,-1.5371998954745578,317
DLB,-1.017583029398651,1.597825458317209,-1.398638741499952,-1.3033723057403996,-1.6064821442846788,318
AA,-1.026243310499916,-1.6411269612526345,1.7190699082832226,-1.095525559310037,-1.5631807387783532,319
ASB,-1.0349035916011813,-0.8963411107633122,-0.004330150902476631,0.42868391451262317,-1.0435638727024463,320
CNX,-1.0435638727024463,-0.9179918622310251,-0.4893070519798593,1.6757643930947996,-1.095525559310037,321
NXST,-1.0522241538037114,-0.30744067084152255,0.3940437321253734,-1.2947120246391346,-1.5198793332720275,322
CDP,-1.0608844349049766,-0.6495225440313858,-0.5066276555897659,0.7491143152594324,-0.9396404994872649,323
THG,-1.0695447160062417,0.090933156164394,-1.2254327054008867,-0.0303109838544279,-0.4806456011202139,324
DINO,-1.0782049971075067,-1.0955280242662706,-1.4982322122569143,1.2687311813353392,1.0002624671961207,325
DBX,-1.0868652782087718,0.272799468493182,-1.5761749285014937,0.9483007805885301,-0.9742816238923254,326
FFIN,-1.095525559310037,-0.29878037025443743,-0.5152879573947191,-1.1821283703226881,-0.3247605412974418,327
CPRI,-1.104185840411302,-1.485241550685102,0.9916045566671485,-0.05629182715822324,-1.6584438308922693,328
TRU,-1.1128461215125671,-1.2687340360079735,-0.3723929776129903,-1.1215064026138324,0.9656213427910603,329
HR,-1.1215064026138324,-0.5585893878669917,-1.3639975342801387,0.2554782924873209,0.4546647578164185,330
CXT,-1.1301666837150974,-0.5932305902153323,-1.6324668902336898,0.41136335231009297,0.8443774073733487,331
OGE,-1.1388269648163625,-0.35940247436403344,-1.2687342144256528,-0.15155491927213952,0.23815773028479065,332
UGI,-1.1474872459176277,-0.9483029142858231,0.46332614656499954,-0.16021520037340461,-1.701745236398595,333
BRX,-1.1561475270188928,-0.08227285557730886,-0.9916045566671485,0.17753576257593484,-0.9916021860948556,334
OLN,-1.1648078081201578,-1.6757681636009751,0.4200246375402332,1.173468089221423,-1.4159559600568463,335
ROIV,-1.173468089221423,-1.4159591459884209,0.80973821876313,0.08227267046201858,-1.7277260797023903,336
AVNT,-1.1821283703226881,-1.5198827530334427,1.0002648584721017,-0.49796616332274407,-1.4852382088669671,337
SBRA,-1.1907886514239532,-0.333421572602778,-0.41136433573528,-1.4332765222593764,-0.4719853200189487,338
CNO,-1.1994489325252184,-1.0782074230921004,-0.38538343032042016,-0.4633250389176836,0.0303109838544279,339
WLK,-1.2081092136264835,-1.433279747162591,1.2340930072058398,-1.6324629875884742,-1.2514106191328092,340
GT,-1.2167694947277485,-1.66710786301389,1.2773945162306062,-1.71040551749986,-0.9049993750822045,341
AGCO,-1.2254297758290138,-1.372657643052995,-0.19918694151392502,1.7190657986011253,-1.3553339923479903,342
POST,-1.2340900569302788,-0.5412687866928214,-1.4549307032321481,-1.3813148356517857,1.4592573655631718,343
SATS,-1.2427503380315439,-1.6930887647751454,1.7104096064782692,-1.7277260797023903,-1.6497835497910043,344
WTRG,-1.2514106191328092,0.10825375733856428,-1.078207574716681,-0.29011941689238135,-1.1388269648163625,345
ST,-1.2600709002340742,-1.493901851272187,1.069547272911728,-1.6757643930947996,-1.0868652782087718,346
LPX,-1.2687311813353392,-0.7231350990216094,0.5802402209318686,-1.5458601765758229,-1.6671041119935346,347
PK,-1.2773914624366043,-1.008925018395419,0.2641392050510745,-1.6064821442846788,-0.645190942044251,348
NJR,-1.2860517435378696,0.021650751467712857,-0.610551277249205,-0.5412675688290697,-1.7190657986011253,349
PII,-1.2947120246391346,-1.6151460594913791,0.4893070519798593,-1.1907886514239532,-0.4027030712088278,350
TMHC,-1.3033723057403996,-0.6018908908024174,-0.46332614656499954,-0.12557407596834416,-1.2600709002340742,351
OLED,-1.312032586841665,0.6235416422701303,-1.1344995364488772,-1.0522241538037114,-1.5805013009808835,352
DKS,-1.32069286794293,-0.6278717925636729,-1.2514136108157463,-1.4938984899682322,0.9049993750822045,353
AN,-1.329353149044195,-1.5285430536205278,-0.10825377256191578,0.870358250677144,-1.173468089221423,354
KD,-1.3380134301454603,-0.07361255499022372,-1.0132553111795317,-0.09959323266454882,-1.4332765222593764,355
ELAN,-1.3466737112467253,-1.251413434833803,0.6971542952987376,-1.6584438308922693,-1.2687311813353392,356
OGS,-1.3553339923479903,0.212177364383586,-1.2773945162306062,-0.8530376884746138,-1.0002624671961207,357
AFG,-1.3639942734492556,-0.6798335960861838,-1.3293563270603257,-0.8183965640695533,0.4806456011202139,358
OVV,-1.3726545545505207,-0.11691405792564943,-0.6538527862739713,-0.7491143152594324,-1.6151424253859439,359
HOG,-1.3813148356517857,-1.303375238356314,-1.6671080974535029,1.4246162411581114,0.48930588222147897,360
VVV,-1.389975116753051,-0.6711732954990985,-1.2167724035959333,-1.3639942734492556,0.6538512231455161,361
BLKB,-1.398635397854316,-0.9309823131116528,-1.2427533090107932,1.69308495529733,-1.017583029398651,362
FYBR,-1.407295678955581,-1.1431596774952388,-0.7144748989086441,0.6105498176391906,-0.8010760018670231,363
CG,-1.4159559600568463,-1.6844284641880602,0.8963412368126626,-1.32069286794293,-1.2773914624366043,364
SR,-1.4246162411581114,0.121244208219192,-1.104188480131541,-1.5891615820821485,-0.8183965640695533,365
XRAY,-1.4332765222593764,-1.2947149377692289,0.49796735378481255,-1.2773914624366043,-1.4246162411581114,366
M,-1.4419368033606417,-1.1734707295500368,0.6408623335665414,-1.6151424253859439,-1.6324629875884742,367
STWD,-1.4505970844619067,-0.6495225440313858,-0.6278718808591115,-1.329353149044195,-0.6365306609429859,368
CGNX,-1.4592573655631718,-1.342346590998197,-0.7404558043235039,-1.4246162411581114,0.7404540341581672,369
ACI,-1.4679176466644368,-0.038971352641883145,-1.3466769306702322,0.18619604367719997,-1.5545204576770881,370
SLM,-1.476577927765702,-1.4419400477496762,-0.9309824440324757,-0.6278703798417208,0.5152867255252743,371
PBF,-1.4852382088669671,-1.5545239553817831,-1.441940250524718,1.701745236398595,-0.2814591357911162,372
KMPR,-1.4938984899682322,-0.05629195381605343,-0.9916045566671485,-1.5805013009808835,-1.1994489325252184,373
ARW,-1.5025587710694974,-1.2600737354208882,-0.45466584476004623,-0.8097362829682883,-0.6798320664493115,374
CUZ,-1.5112190521707625,-0.8357190066537162,-0.7664367097383636,-1.5025587710694974,-0.42868391451262317,375
COTY,-1.5198793332720275,-1.342346590998197,-1.5891653812089237,0.7664348774619626,0.09093295156328371,376
MASI,-1.5285396143732928,-1.1128486254404408,-1.303375421645466,-0.13423435706960926,-0.15155491927213952,377
PAG,-1.5371998954745578,-0.939642613698738,-0.6018909754442517,-1.1474872459176277,-1.008922748297386,378
FLR,-1.5458601765758229,-0.18619646262233058,-0.8357191241779898,-1.7190657986011253,-1.5891615820821485,379
VNT,-1.5545204576770881,-0.8616999084149717,-0.80973821876313,-0.3334208223987069,-1.4938984899682322,380
PVH,-1.5631807387783532,-0.8746903592955995,-1.6584477956485497,-0.4806456011202139,0.0043301405506325575,381
AVTR,-1.5718410198796182,-0.7317953996086946,-0.5889005227368218,-1.4419368033606417,-1.4679176466644368,382
ACM,-1.5805013009808835,-0.5239481855186512,-1.701749304673316,-1.2514106191328092,-0.12557407596834416,383
BIO,-1.5891615820821485,-1.221102382779005,-0.575910070029392,-0.7058129097531068,-1.2167694947277485,384
IPGP,-1.5978218631834136,-1.5718445565559533,-0.9223221422275224,0.4546647578164185,-0.8876788128796742,385
HRB,-1.6064821442846788,0.16887586144816027,-1.5761749285014937,-1.3380134301454603,-1.5112190521707625,386
GME,-1.6151424253859439,-0.6884938966732689,-1.1215090837414474,-0.17753576257593484,-1.6757643930947996,387
KRC,-1.623802706487209,-1.2340928336596328,-1.476581457744531,0.9223199372847347,-1.026243310499916,388
FAF,-1.6324629875884742,-1.121508926027526,-1.034906065691915,-0.9049993750822045,-0.7058129097531068,389
SCI,-1.6411232686897392,-0.697154197260354,-0.9050015386176159,-1.2167694947277485,-1.4592573655631718,390
CRBG,-1.6497835497910043,-1.5025621518592722,-0.6365321826640647,-0.9656213427910603,-0.9656213427910603,391
CNH,-1.6584438308922693,-1.424619446575506,-0.35940252490556035,-1.2600709002340742,-1.3813148356517857,392
EQH,-1.6671041119935346,-1.190791330724207,-0.5412688628095789,-1.69308495529733,-1.32069286794293,393
AR,-1.6757643930947996,-1.3813179436400802,-1.1344995364488772,-0.07361238936075347,-1.2860517435378696,394
CYTK,-1.6844246741960647,-1.6497872618397198,-0.5889005227368218,-1.5545204576770881,-1.0782049971075067,395
RRC,-1.69308495529733,-1.0435662207437597,-1.5198829667692975,-0.5845689743353952,-1.3033723057403996,396
BBWI,-1.701745236398595,-1.1994516313112922,-0.9569633494473354,-1.476577927765702,-1.6411232686897392,397
MTN,-1.71040551749986,-0.9742838160470786,-1.2860548180355593,-1.398635397854316,-1.5458601765758229,398
MP,-1.7190657986011253,-1.719069666536401,-0.4719864483699528,-1.4159559600568463,-1.69308495529733,399
VNO,-1.7277260797023903,-1.606485758904294,-1.338016628865279,-1.2427503380315439,-1.2427503380315439,400
